<?xml version="1.0" encoding="UTF-8" standalone="yes"?>
<addon id="repository.teamrtd" name="TEAMRTD Repo" version="1.0.1" provider-name="R.ORTEGA">
	<extension point="xbmc.addon.repository" name="TeamRTD Repository">
		<dir>
			<info compressed="false">https://raw.githubusercontent.com/noobsandnerds/modules4all/master/zips/addons.xml</info>
			<checksum>https://raw.githubusercontent.com/noobsandnerds/modules4all/master/zips/addons.xml.md5</checksum>
			<datadir zip="true">https://raw.githubusercontent.com/noobsandnerds/modules4all/master/zips/</datadir>
		</dir>
		<info compressed="false">https://raw.githubusercontent.com/rickyflash/repository.teamrtd/master/zips/addons.xml</info>
		<checksum>https://raw.githubusercontent.com/rickyflash/repository.teamrtd/master/zips/addons.xml.md5</checksum>
		<datadir zip="true">https://raw.githubusercontent.com/rickyflash/repository.teamrtd/master/zips/</datadir>
	</extension>
	<extension point="xbmc.addon.metadata">
		<summary lang="en">TEAMRTD REPO</summary>
		<description lang="en">REAL TILL DEATH</description>
		<genre></genre>
	</extension>
</addon>